,0,label
0,"[1, 32, 0]",210
1,"[1, 32, 0]",210
2,"[1, 32, 0]",210
3,"[1, 32, 0]",210
4,"[1, 32, 0]",210
5,"[1, 32, 0]",210
6,"[1, 32, 0]",210
7,"[1, 32, 0]",210
8,"[1, 32, 0]",210
9,"[1, 32, 0]",210
10,"[1, 32, 0]",210
11,"[1, 32, 0]",210
12,"[1, 32, 0]",210
13,"[1, 32, 0]",210
14,"[1, 32, 0]",210
15,"[1, 32, 0]",210
16,"[1, 32, 0]",210
17,"[1, 32, 0]",210
18,"[1, 32, 0]",210
19,"[1, 32, 0]",210
20,"[1, 166, 0]",210
21,"[1, 52, 0]",210
22,"[1, 52, 0]",210
23,"[1, 52, 0]",210
24,"[1, 52, 0]",210
25,"[1, 52, 0]",210
26,"[1, 52, 0]",210
27,"[1, 52, 0]",210
28,"[1, 52, 0]",210
29,"[1, 52, 0]",210
30,"[1, 52, 0]",210
31,"[1, 52, 0]",210
32,"[1, 52, 0]",210
33,"[1, 52, 0]",210
34,"[1, 52, 0]",210
35,"[1, 52, 0]",210
36,"[1, 52, 0]",210
37,"[1, 52, 0]",210
38,"[1, 52, 0]",210
39,"[1, 52, 0]",210
40,"[1, 52, 0]",210
41,"[1, 52, 0]",210
42,"[1, 52, 0]",210
43,"[1, 52, 0]",210
44,"[1, 52, 0]",210
45,"[1, 52, 0]",210
46,"[1, 52, 0]",210
47,"[1, 52, 0]",210
48,"[1, 52, 0]",210
49,"[1, 52, 0]",210
50,"[1, 52, 0]",210
51,"[1, 52, 0]",210
52,"[1, 52, 0]",210
53,"[1, 52, 0]",210
54,"[1, 52, 0]",210
55,"[1, 52, 0]",210
56,"[1, 52, 0]",210
57,"[1, 52, 0]",210
58,"[1, 52, 0]",210
59,"[1, 52, 0]",210
60,"[1, 52, 0]",210
61,"[1, 52, 0]",210
62,"[1, 52, 0]",210
63,"[1, 52, 0]",210
64,"[1, 52, 0]",210
65,"[1, 52, 0]",210
66,"[1, 52, 0]",210
67,"[1, 52, 0]",210
68,"[1, 52, 0]",210
69,"[1, 52, 0]",210
70,"[1, 52, 0]",210
71,"[1, 52, 0]",210
72,"[1, 52, 0]",210
73,"[1, 52, 0]",210
74,"[1, 52, 0]",210
75,"[1, 52, 0]",210
76,"[1, 52, 0]",210
77,"[1, 52, 0]",210
78,"[1, 52, 0]",210
79,"[1, 52, 0]",210
80,"[1, 52, 0]",210
81,"[1, 52, 0]",210
82,"[1, 52, 0]",210
83,"[1, 52, 0]",210
84,"[1, 52, 0]",210
85,"[1, 52, 0]",210
86,"[1, 52, 0]",210
87,"[1, 52, 0]",210
88,"[1, 52, 0]",210
89,"[1, 52, 0]",210
90,"[1, 52, 0]",210
91,"[1, 52, 0]",210
92,"[1, 52, 0]",210
93,"[1, 52, 0]",210
94,"[1, 52, 0]",210
95,"[1, 52, 0]",210
96,"[1, 52, 0]",210
97,"[1, 52, 0]",210
98,"[1, 52, 0]",210
99,"[1, 52, 0]",210
100,"[1, 52, 0]",210
101,"[1, 52, 0]",210
102,"[1, 52, 0]",210
103,"[1, 52, 0]",210
104,"[1, 52, 0]",210
105,"[1, 52, 0]",210
106,"[1, 52, 0]",210
107,"[1, 52, 0]",210
108,"[1, 52, 0]",210
109,"[1, 52, 0]",210
110,"[1, 52, 0]",210
111,"[1, 52, 0]",210
112,"[1, 52, 0]",210
113,"[1, 52, 0]",210
114,"[1, 52, 0]",210
115,"[1, 52, 0]",210
116,"[1, 52, 0]",210
117,"[1, 52, 0]",210
118,"[1, 52, 0]",210
119,"[1, 52, 0]",210
120,"[1, 52, 0]",210
121,"[1, 84, 0]",210
122,"[1, 150, 0]",210
123,"[1, 150, 0]",210
124,"[1, 150, 0]",210
125,"[1, 20, 0]",210
126,"[1, 159, 0]",210
127,"[1, 143, 0]",210
128,"[1, 159, 0]",210
129,"[1, 159, 0]",210
130,"[1, 32, 0]",210
131,"[1, 192, 0]",210
132,"[1, 20, 0]",210
133,"[1, 693, 0]",210
134,"[1, 641, 0]",210
135,"[1, 641, 0]",210
136,"[1, 20, 0]",210
137,"[1, 532, 0]",210
138,"[1, 143, 0]",210
139,"[1, 201, 0]",210
140,"[1, 20, 0]",210
141,"[1, 193, 0]",210
142,"[1, 84, 0]",210
143,"[1, 32, 0]",210
144,"[1, 641, 0]",210
145,"[1, 1380, 0]",210
146,"[1, 641, 0]",210
147,"[1, 20, 0]",210
148,"[1, 201, 0]",210
149,"[1, 221, 0]",210
150,"[1, 201, 0]",210
151,"[1, 693, 0]",210
152,"[1, 201, 0]",210
153,"[1, 20, 0]",210
154,"[1, 20, 0]",210
155,"[1, 532, 0]",210
156,"[1, 1380, 0]",210
157,"[1, 201, 0]",210
158,"[1, 20, 0]",210
159,"[1, 201, 0]",210
160,"[1, 201, 0]",210
161,"[1, 1380, 0]",210
162,"[1, 254, 0]",210
163,"[1, 201, 0]",210
164,"[1, 192, 0]",210
165,"[1, 201, 0]",210
166,"[1, 143, 0]",210
167,"[1, 192, 0]",210
168,"[1, 143, 0]",210
169,"[1, 51, 0]",210
170,"[1, 84, 0]",210
171,"[1, 51, 0]",210
172,"[1, 641, 0]",210
173,"[1, 201, 0]",210
174,"[1, 51, 0]",210
175,"[1, 201, 0]",210
176,"[1, 20, 0]",210
177,"[1, 1380, 0]",210
178,"[1, 693, 0]",210
179,"[1, 143, 0]",210
180,"[1, 32, 0]",210
181,"[1, 201, 0]",210
182,"[1, 201, 0]",210
183,"[1, 201, 0]",210
184,"[1, 32, 0]",210
185,"[1, 20, 0]",210
186,"[1, 201, 0]",210
187,"[1, 201, 0]",210
188,"[1, 693, 0]",210
189,"[1, 693, 0]",210
190,"[1, 532, 0]",210
191,"[1, 641, 0]",210
192,"[1, 254, 0]",210
193,"[1, 20, 0]",210
194,"[1, 20, 0]",210
195,"[1, 438, 0]",210
196,"[1, 546, 0]",210
197,"[1, 641, 0]",210
198,"[1, 1380, 0]",210
199,"[1, 98, 0]",210
200,"[1, 32, 0]",211
201,"[1, 32, 0]",211
202,"[1, 32, 0]",211
203,"[1, 32, 0]",211
204,"[1, 32, 0]",211
205,"[1, 32, 0]",211
206,"[1, 32, 0]",211
207,"[1, 32, 0]",211
208,"[1, 32, 0]",211
209,"[1, 32, 0]",211
210,"[1, 32, 0]",211
211,"[1, 32, 0]",211
212,"[1, 32, 0]",211
213,"[1, 32, 0]",211
214,"[1, 32, 0]",211
215,"[1, 32, 0]",211
216,"[1, 32, 0]",211
217,"[1, 32, 0]",211
218,"[1, 32, 0]",211
219,"[1, 32, 0]",211
220,"[1, 150, 0]",211
221,"[1, 52, 0]",211
222,"[1, 52, 0]",211
223,"[1, 52, 0]",211
224,"[1, 52, 0]",211
225,"[1, 52, 0]",211
226,"[1, 52, 0]",211
227,"[1, 52, 0]",211
228,"[1, 52, 0]",211
229,"[1, 52, 0]",211
230,"[1, 52, 0]",211
231,"[1, 52, 0]",211
232,"[1, 52, 0]",211
233,"[1, 52, 0]",211
234,"[1, 52, 0]",211
235,"[1, 52, 0]",211
236,"[1, 52, 0]",211
237,"[1, 52, 0]",211
238,"[1, 52, 0]",211
239,"[1, 52, 0]",211
240,"[1, 52, 0]",211
241,"[1, 52, 0]",211
242,"[1, 52, 0]",211
243,"[1, 52, 0]",211
244,"[1, 52, 0]",211
245,"[1, 52, 0]",211
246,"[1, 52, 0]",211
247,"[1, 52, 0]",211
248,"[1, 52, 0]",211
249,"[1, 52, 0]",211
250,"[1, 52, 0]",211
251,"[1, 52, 0]",211
252,"[1, 52, 0]",211
253,"[1, 52, 0]",211
254,"[1, 52, 0]",211
255,"[1, 52, 0]",211
256,"[1, 52, 0]",211
257,"[1, 52, 0]",211
258,"[1, 52, 0]",211
259,"[1, 52, 0]",211
260,"[1, 52, 0]",211
261,"[1, 52, 0]",211
262,"[1, 52, 0]",211
263,"[1, 52, 0]",211
264,"[1, 52, 0]",211
265,"[1, 52, 0]",211
266,"[1, 52, 0]",211
267,"[1, 52, 0]",211
268,"[1, 52, 0]",211
269,"[1, 52, 0]",211
270,"[1, 52, 0]",211
271,"[1, 52, 0]",211
272,"[1, 52, 0]",211
273,"[1, 52, 0]",211
274,"[1, 52, 0]",211
275,"[1, 52, 0]",211
276,"[1, 52, 0]",211
277,"[1, 52, 0]",211
278,"[1, 52, 0]",211
279,"[1, 52, 0]",211
280,"[1, 52, 0]",211
281,"[1, 52, 0]",211
282,"[1, 52, 0]",211
283,"[1, 52, 0]",211
284,"[1, 52, 0]",211
285,"[1, 52, 0]",211
286,"[1, 52, 0]",211
287,"[1, 52, 0]",211
288,"[1, 52, 0]",211
289,"[1, 52, 0]",211
290,"[1, 52, 0]",211
291,"[1, 52, 0]",211
292,"[1, 52, 0]",211
293,"[1, 52, 0]",211
294,"[1, 52, 0]",211
295,"[1, 52, 0]",211
296,"[1, 52, 0]",211
297,"[1, 52, 0]",211
298,"[1, 52, 0]",211
299,"[1, 52, 0]",211
300,"[1, 52, 0]",211
301,"[1, 52, 0]",211
302,"[1, 52, 0]",211
303,"[1, 52, 0]",211
304,"[1, 52, 0]",211
305,"[1, 52, 0]",211
306,"[1, 52, 0]",211
307,"[1, 52, 0]",211
308,"[1, 52, 0]",211
309,"[1, 52, 0]",211
310,"[1, 52, 0]",211
311,"[1, 52, 0]",211
312,"[1, 52, 0]",211
313,"[1, 52, 0]",211
314,"[1, 52, 0]",211
315,"[1, 52, 0]",211
316,"[1, 52, 0]",211
317,"[1, 52, 0]",211
318,"[1, 52, 0]",211
319,"[1, 219, 0]",211
320,"[1, 159, 0]",211
321,"[1, 143, 0]",211
322,"[1, 143, 0]",211
323,"[1, 150, 0]",211
324,"[1, 150, 0]",211
325,"[1, 143, 0]",211
326,"[1, 150, 0]",211
327,"[1, 150, 0]",211
328,"[1, 438, 0]",211
329,"[1, 201, 0]",211
330,"[1, 254, 0]",211
331,"[1, 143, 0]",211
332,"[1, 20, 0]",211
333,"[1, 84, 0]",211
334,"[1, 1380, 0]",211
335,"[1, 20, 0]",211
336,"[1, 20, 0]",211
337,"[1, 32, 0]",211
338,"[1, 641, 0]",211
339,"[1, 201, 0]",211
340,"[1, 201, 0]",211
341,"[1, 254, 0]",211
342,"[1, 192, 0]",211
343,"[1, 20, 0]",211
344,"[1, 192, 0]",211
345,"[1, 32, 0]",211
346,"[1, 201, 0]",211
347,"[1, 32, 0]",211
348,"[1, 251, 0]",211
349,"[1, 1380, 0]",211
350,"[1, 641, 0]",211
351,"[1, 20, 0]",211
352,"[1, 20, 0]",211
353,"[1, 1380, 0]",211
354,"[1, 20, 0]",211
355,"[1, 143, 0]",211
356,"[1, 254, 0]",211
357,"[1, 1380, 0]",211
358,"[1, 201, 0]",211
359,"[1, 254, 0]",211
360,"[1, 98, 0]",211
361,"[1, 143, 0]",211
362,"[1, 192, 0]",211
363,"[1, 20, 0]",211
364,"[1, 20, 0]",211
365,"[1, 1380, 0]",211
366,"[1, 254, 0]",211
367,"[1, 641, 0]",211
368,"[1, 641, 0]",211
369,"[1, 201, 0]",211
370,"[1, 143, 0]",211
371,"[1, 143, 0]",211
372,"[1, 252, 0]",211
373,"[1, 20, 0]",211
374,"[1, 1305, 0]",211
375,"[1, 254, 0]",211
376,"[1, 641, 0]",211
377,"[1, 201, 0]",211
378,"[1, 254, 0]",211
379,"[1, 20, 0]",211
380,"[1, 192, 0]",211
381,"[1, 20, 0]",211
382,"[1, 201, 0]",211
383,"[1, 192, 0]",211
384,"[1, 32, 0]",211
385,"[1, 201, 0]",211
386,"[1, 32, 0]",211
387,"[1, 251, 0]",211
388,"[1, 1380, 0]",211
389,"[1, 641, 0]",211
390,"[1, 20, 0]",211
391,"[1, 32, 0]",211
392,"[1, 20, 0]",211
393,"[1, 1380, 0]",211
394,"[1, 20, 0]",211
395,"[1, 143, 0]",211
396,"[1, 252, 0]",211
397,"[1, 254, 0]",211
398,"[1, 52, 0]",211
399,"[1, 52, 0]",211
400,"[1, 20, 0]",220
401,"[1, 140, 0]",220
402,"[1, 133, 0]",220
403,"[1, 20, 0]",220
404,"[1, 140, 0]",220
405,"[1, 32, 0]",220
406,"[1, 133, 0]",220
407,"[1, 133, 0]",220
408,"[1, 133, 0]",220
409,"[1, 133, 0]",220
410,"[1, 20, 0]",220
411,"[1, 133, 0]",220
412,"[1, 133, 0]",220
413,"[1, 20, 0]",220
414,"[1, 140, 0]",220
415,"[1, 20, 0]",220
416,"[1, 20, 0]",220
417,"[1, 140, 0]",220
418,"[1, 133, 0]",220
419,"[1, 32, 0]",220
420,"[1, 32, 0]",220
421,"[1, 52, 0]",220
422,"[1, 52, 0]",220
423,"[1, 52, 0]",220
424,"[1, 52, 0]",220
425,"[1, 52, 0]",220
426,"[1, 52, 0]",220
427,"[1, 52, 0]",220
428,"[1, 52, 0]",220
429,"[1, 52, 0]",220
430,"[1, 52, 0]",220
431,"[1, 52, 0]",220
432,"[1, 52, 0]",220
433,"[1, 52, 0]",220
434,"[1, 52, 0]",220
435,"[1, 52, 0]",220
436,"[1, 52, 0]",220
437,"[1, 52, 0]",220
438,"[1, 52, 0]",220
439,"[1, 52, 0]",220
440,"[1, 52, 0]",220
441,"[1, 52, 0]",220
442,"[1, 52, 0]",220
443,"[1, 52, 0]",220
444,"[1, 52, 0]",220
445,"[1, 52, 0]",220
446,"[1, 52, 0]",220
447,"[1, 52, 0]",220
448,"[1, 52, 0]",220
449,"[1, 52, 0]",220
450,"[1, 52, 0]",220
451,"[1, 52, 0]",220
452,"[1, 52, 0]",220
453,"[1, 52, 0]",220
454,"[1, 52, 0]",220
455,"[1, 52, 0]",220
456,"[1, 52, 0]",220
457,"[1, 52, 0]",220
458,"[1, 52, 0]",220
459,"[1, 52, 0]",220
460,"[1, 52, 0]",220
461,"[1, 52, 0]",220
462,"[1, 52, 0]",220
463,"[1, 52, 0]",220
464,"[1, 52, 0]",220
465,"[1, 52, 0]",220
466,"[1, 52, 0]",220
467,"[1, 52, 0]",220
468,"[1, 52, 0]",220
469,"[1, 52, 0]",220
470,"[1, 52, 0]",220
471,"[1, 52, 0]",220
472,"[1, 52, 0]",220
473,"[1, 52, 0]",220
474,"[1, 52, 0]",220
475,"[1, 52, 0]",220
476,"[1, 52, 0]",220
477,"[1, 52, 0]",220
478,"[1, 52, 0]",220
479,"[1, 52, 0]",220
480,"[1, 52, 0]",220
481,"[1, 52, 0]",220
482,"[1, 52, 0]",220
483,"[1, 52, 0]",220
484,"[1, 52, 0]",220
485,"[1, 52, 0]",220
486,"[1, 52, 0]",220
487,"[1, 52, 0]",220
488,"[1, 52, 0]",220
489,"[1, 52, 0]",220
490,"[1, 52, 0]",220
491,"[1, 52, 0]",220
492,"[1, 52, 0]",220
493,"[1, 52, 0]",220
494,"[1, 52, 0]",220
495,"[1, 52, 0]",220
496,"[1, 52, 0]",220
497,"[1, 52, 0]",220
498,"[1, 52, 0]",220
499,"[1, 52, 0]",220
500,"[1, 52, 0]",220
501,"[1, 52, 0]",220
502,"[1, 52, 0]",220
503,"[1, 52, 0]",220
504,"[1, 52, 0]",220
505,"[1, 52, 0]",220
506,"[1, 52, 0]",220
507,"[1, 52, 0]",220
508,"[1, 52, 0]",220
509,"[1, 52, 0]",220
510,"[1, 52, 0]",220
511,"[1, 52, 0]",220
512,"[1, 52, 0]",220
513,"[1, 52, 0]",220
514,"[1, 52, 0]",220
515,"[1, 52, 0]",220
516,"[1, 52, 0]",220
517,"[1, 52, 0]",220
518,"[1, 52, 0]",220
519,"[1, 52, 0]",220
520,"[1, 52, 0]",220
521,"[1, 140, 0]",220
522,"[1, 133, 0]",220
523,"[1, 20, 0]",220
524,"[1, 20, 0]",220
525,"[1, 133, 0]",220
526,"[1, 133, 0]",220
527,"[1, 140, 0]",220
528,"[0, 40, 0]",220
529,"[1, 40, 0]",220
530,"[0, 40, 0]",220
531,"[1, 40, 0]",220
532,"[0, 40, 0]",220
533,"[0, 552, 0]",220
534,"[0, 40, 0]",220
535,"[0, 40, 0]",220
536,"[0, 40, 0]",220
537,"[0, 40, 0]",220
538,"[0, 552, 0]",220
539,"[0, 40, 0]",220
540,"[0, 40, 0]",220
541,"[0, 40, 0]",220
542,"[0, 40, 0]",220
543,"[1, 40, 0]",220
544,"[0, 40, 0]",220
545,"[0, 40, 0]",220
546,"[0, 40, 0]",220
547,"[0, 40, 0]",220
548,"[0, 40, 0]",220
549,"[0, 40, 0]",220
550,"[0, 40, 0]",220
551,"[0, 40, 0]",220
552,"[0, 40, 0]",220
553,"[0, 40, 0]",220
554,"[0, 40, 0]",220
555,"[0, 40, 0]",220
556,"[0, 40, 0]",220
557,"[0, 40, 0]",220
558,"[0, 40, 0]",220
559,"[0, 40, 0]",220
560,"[0, 40, 0]",220
561,"[0, 40, 0]",220
562,"[0, 40, 0]",220
563,"[0, 40, 0]",220
564,"[0, 40, 0]",220
565,"[0, 40, 0]",220
566,"[0, 40, 0]",220
567,"[0, 40, 0]",220
568,"[0, 40, 0]",220
569,"[0, 40, 0]",220
570,"[0, 40, 0]",220
571,"[0, 40, 0]",220
572,"[0, 40, 0]",220
573,"[0, 40, 0]",220
574,"[0, 40, 0]",220
575,"[0, 40, 0]",220
576,"[0, 40, 0]",220
577,"[0, 40, 0]",220
578,"[0, 40, 0]",220
579,"[0, 40, 0]",220
580,"[0, 1500, 0]",220
581,"[0, 40, 0]",220
582,"[0, 40, 0]",220
583,"[0, 40, 0]",220
584,"[0, 40, 0]",220
585,"[0, 40, 0]",220
586,"[0, 212, 0]",220
587,"[0, 40, 0]",220
588,"[0, 40, 0]",220
589,"[0, 40, 0]",220
590,"[0, 40, 0]",220
591,"[0, 40, 0]",220
592,"[0, 40, 0]",220
593,"[0, 40, 0]",220
594,"[0, 40, 0]",220
595,"[0, 40, 0]",220
596,"[0, 40, 0]",220
597,"[0, 40, 0]",220
598,"[1, 160, 0]",220
599,"[0, 552, 0]",220
600,"[1, 20, 0]",221
601,"[1, 20, 0]",221
602,"[1, 140, 0]",221
603,"[1, 145, 0]",221
604,"[1, 159, 0]",221
605,"[1, 20, 0]",221
606,"[1, 133, 0]",221
607,"[1, 133, 0]",221
608,"[1, 20, 0]",221
609,"[1, 133, 0]",221
610,"[1, 78, 0]",221
611,"[1, 133, 0]",221
612,"[1, 140, 0]",221
613,"[1, 1380, 0]",221
614,"[1, 32, 0]",221
615,"[1, 140, 0]",221
616,"[1, 20, 0]",221
617,"[1, 133, 0]",221
618,"[1, 32, 0]",221
619,"[1, 20, 0]",221
620,"[1, 133, 0]",221
621,"[1, 52, 0]",221
622,"[1, 52, 0]",221
623,"[1, 52, 0]",221
624,"[1, 52, 0]",221
625,"[1, 52, 0]",221
626,"[1, 52, 0]",221
627,"[1, 52, 0]",221
628,"[1, 52, 0]",221
629,"[1, 52, 0]",221
630,"[1, 52, 0]",221
631,"[1, 52, 0]",221
632,"[1, 52, 0]",221
633,"[1, 52, 0]",221
634,"[1, 52, 0]",221
635,"[1, 52, 0]",221
636,"[1, 52, 0]",221
637,"[1, 52, 0]",221
638,"[1, 52, 0]",221
639,"[1, 52, 0]",221
640,"[1, 52, 0]",221
641,"[1, 52, 0]",221
642,"[1, 52, 0]",221
643,"[1, 52, 0]",221
644,"[1, 52, 0]",221
645,"[1, 52, 0]",221
646,"[1, 52, 0]",221
647,"[1, 52, 0]",221
648,"[1, 52, 0]",221
649,"[1, 52, 0]",221
650,"[1, 52, 0]",221
651,"[1, 52, 0]",221
652,"[1, 52, 0]",221
653,"[1, 52, 0]",221
654,"[1, 52, 0]",221
655,"[1, 52, 0]",221
656,"[1, 52, 0]",221
657,"[1, 52, 0]",221
658,"[1, 52, 0]",221
659,"[1, 52, 0]",221
660,"[1, 52, 0]",221
661,"[1, 52, 0]",221
662,"[1, 52, 0]",221
663,"[1, 52, 0]",221
664,"[1, 52, 0]",221
665,"[1, 52, 0]",221
666,"[1, 52, 0]",221
667,"[1, 52, 0]",221
668,"[1, 52, 0]",221
669,"[1, 52, 0]",221
670,"[1, 52, 0]",221
671,"[1, 52, 0]",221
672,"[1, 52, 0]",221
673,"[1, 52, 0]",221
674,"[1, 52, 0]",221
675,"[1, 52, 0]",221
676,"[1, 52, 0]",221
677,"[1, 52, 0]",221
678,"[1, 52, 0]",221
679,"[1, 52, 0]",221
680,"[1, 52, 0]",221
681,"[1, 52, 0]",221
682,"[1, 52, 0]",221
683,"[1, 52, 0]",221
684,"[1, 52, 0]",221
685,"[1, 52, 0]",221
686,"[1, 52, 0]",221
687,"[1, 52, 0]",221
688,"[1, 52, 0]",221
689,"[1, 52, 0]",221
690,"[1, 52, 0]",221
691,"[1, 52, 0]",221
692,"[1, 52, 0]",221
693,"[1, 52, 0]",221
694,"[1, 52, 0]",221
695,"[1, 52, 0]",221
696,"[1, 52, 0]",221
697,"[1, 52, 0]",221
698,"[1, 52, 0]",221
699,"[1, 52, 0]",221
700,"[1, 52, 0]",221
701,"[1, 52, 0]",221
702,"[1, 52, 0]",221
703,"[1, 52, 0]",221
704,"[1, 52, 0]",221
705,"[1, 52, 0]",221
706,"[1, 52, 0]",221
707,"[1, 52, 0]",221
708,"[1, 52, 0]",221
709,"[1, 52, 0]",221
710,"[1, 52, 0]",221
711,"[1, 52, 0]",221
712,"[1, 52, 0]",221
713,"[1, 52, 0]",221
714,"[1, 52, 0]",221
715,"[1, 52, 0]",221
716,"[1, 52, 0]",221
717,"[1, 52, 0]",221
718,"[1, 52, 0]",221
719,"[1, 52, 0]",221
720,"[1, 52, 0]",221
721,"[1, 20, 0]",221
722,"[1, 1380, 0]",221
723,"[1, 140, 0]",221
724,"[1, 192, 0]",221
725,"[1, 182, 0]",221
726,"[0, 40, 0]",221
727,"[0, 40, 0]",221
728,"[0, 40, 0]",221
729,"[0, 40, 0]",221
730,"[0, 40, 0]",221
731,"[0, 40, 0]",221
732,"[0, 40, 0]",221
733,"[0, 40, 0]",221
734,"[0, 40, 0]",221
735,"[0, 40, 0]",221
736,"[0, 40, 0]",221
737,"[1, 40, 0]",221
738,"[0, 40, 0]",221
739,"[0, 40, 0]",221
740,"[0, 40, 0]",221
741,"[0, 40, 0]",221
742,"[1, 52, 0]",221
743,"[1, 40, 0]",221
744,"[0, 1431, 0]",221
745,"[0, 40, 0]",221
746,"[0, 40, 0]",221
747,"[1, 40, 0]",221
748,"[0, 40, 0]",221
749,"[0, 40, 0]",221
750,"[0, 552, 0]",221
751,"[0, 40, 0]",221
752,"[1, 40, 0]",221
753,"[0, 40, 0]",221
754,"[0, 40, 0]",221
755,"[0, 40, 0]",221
756,"[0, 40, 0]",221
757,"[0, 40, 0]",221
758,"[0, 40, 0]",221
759,"[0, 561, 0]",221
760,"[0, 40, 0]",221
761,"[0, 40, 0]",221
762,"[0, 552, 0]",221
763,"[0, 212, 0]",221
764,"[0, 40, 0]",221
765,"[0, 40, 0]",221
766,"[0, 40, 0]",221
767,"[0, 40, 0]",221
768,"[1, 40, 0]",221
769,"[0, 40, 0]",221
770,"[0, 40, 0]",221
771,"[0, 40, 0]",221
772,"[1, 40, 0]",221
773,"[0, 40, 0]",221
774,"[0, 40, 0]",221
775,"[0, 40, 0]",221
776,"[0, 40, 0]",221
777,"[0, 212, 0]",221
778,"[0, 40, 0]",221
779,"[0, 40, 0]",221
780,"[1, 52, 0]",221
781,"[0, 40, 0]",221
782,"[1, 40, 0]",221
783,"[0, 40, 0]",221
784,"[0, 40, 0]",221
785,"[0, 40, 0]",221
786,"[0, 40, 0]",221
787,"[0, 40, 0]",221
788,"[0, 212, 0]",221
789,"[0, 561, 0]",221
790,"[0, 40, 0]",221
791,"[0, 40, 0]",221
792,"[0, 40, 0]",221
793,"[0, 40, 0]",221
794,"[0, 40, 0]",221
795,"[0, 40, 0]",221
796,"[0, 40, 0]",221
797,"[0, 40, 0]",221
798,"[0, 40, 0]",221
799,"[1, 40, 0]",221
800,"[1, 60, 0]",310
801,"[1, 60, 0]",310
802,"[1, 60, 0]",310
803,"[1, 60, 0]",310
804,"[1, 60, 0]",310
805,"[1, 60, 0]",310
806,"[1, 60, 0]",310
807,"[1, 60, 0]",310
808,"[1, 60, 0]",310
809,"[1, 60, 0]",310
810,"[1, 60, 0]",310
811,"[1, 60, 0]",310
812,"[1, 60, 0]",310
813,"[1, 60, 0]",310
814,"[1, 60, 0]",310
815,"[1, 60, 0]",310
816,"[1, 60, 0]",310
817,"[1, 60, 0]",310
818,"[1, 60, 0]",310
819,"[1, 60, 0]",310
820,"[1, 60, 0]",310
821,"[1, 60, 0]",310
822,"[1, 60, 0]",310
823,"[1, 60, 0]",310
824,"[1, 60, 0]",310
825,"[1, 60, 0]",310
826,"[1, 60, 0]",310
827,"[1, 60, 0]",310
828,"[1, 60, 0]",310
829,"[1, 60, 0]",310
830,"[1, 60, 0]",310
831,"[1, 60, 0]",310
832,"[1, 60, 0]",310
833,"[1, 60, 0]",310
834,"[1, 60, 0]",310
835,"[1, 60, 0]",310
836,"[1, 60, 0]",310
837,"[1, 60, 0]",310
838,"[1, 60, 0]",310
839,"[1, 60, 0]",310
840,"[1, 60, 0]",310
841,"[1, 60, 0]",310
842,"[1, 60, 0]",310
843,"[1, 60, 0]",310
844,"[1, 60, 0]",310
845,"[1, 60, 0]",310
846,"[1, 60, 0]",310
847,"[1, 60, 0]",310
848,"[1, 60, 0]",310
849,"[1, 60, 0]",310
850,"[1, 60, 0]",310
851,"[1, 60, 0]",310
852,"[1, 60, 0]",310
853,"[1, 60, 0]",310
854,"[1, 60, 0]",310
855,"[1, 60, 0]",310
856,"[1, 60, 0]",310
857,"[1, 60, 0]",310
858,"[1, 60, 0]",310
859,"[1, 60, 0]",310
860,"[1, 60, 0]",310
861,"[1, 60, 0]",310
862,"[1, 60, 0]",310
863,"[1, 60, 0]",310
864,"[1, 60, 0]",310
865,"[1, 60, 0]",310
866,"[1, 60, 0]",310
867,"[1, 60, 0]",310
868,"[1, 60, 0]",310
869,"[1, 60, 0]",310
870,"[1, 60, 0]",310
871,"[1, 60, 0]",310
872,"[1, 60, 0]",310
873,"[1, 60, 0]",310
874,"[1, 60, 0]",310
875,"[1, 60, 0]",310
876,"[1, 60, 0]",310
877,"[1, 60, 0]",310
878,"[1, 60, 0]",310
879,"[1, 60, 0]",310
880,"[1, 60, 0]",310
881,"[1, 60, 0]",310
882,"[1, 60, 0]",310
883,"[1, 60, 0]",310
884,"[1, 60, 0]",310
885,"[1, 60, 0]",310
886,"[1, 60, 0]",310
887,"[1, 60, 0]",310
888,"[1, 60, 0]",310
889,"[1, 60, 0]",310
890,"[1, 60, 0]",310
891,"[1, 60, 0]",310
892,"[1, 60, 0]",310
893,"[1, 60, 0]",310
894,"[1, 60, 0]",310
895,"[1, 60, 0]",310
896,"[1, 60, 0]",310
897,"[1, 60, 0]",310
898,"[1, 60, 0]",310
899,"[1, 60, 0]",310
900,"[1, 60, 0]",310
901,"[1, 60, 0]",310
902,"[1, 60, 0]",310
903,"[1, 60, 0]",310
904,"[1, 60, 0]",310
905,"[1, 60, 0]",310
906,"[1, 60, 0]",310
907,"[1, 60, 0]",310
908,"[1, 60, 0]",310
909,"[1, 60, 0]",310
910,"[1, 60, 0]",310
911,"[1, 60, 0]",310
912,"[1, 60, 0]",310
913,"[1, 60, 0]",310
914,"[1, 60, 0]",310
915,"[1, 60, 0]",310
916,"[1, 60, 0]",310
917,"[1, 60, 0]",310
918,"[1, 60, 0]",310
919,"[1, 60, 0]",310
920,"[1, 60, 0]",310
921,"[1, 60, 0]",310
922,"[1, 60, 0]",310
923,"[1, 118, 0]",310
924,"[1, 118, 0]",310
925,"[1, 60, 0]",310
926,"[1, 118, 0]",310
927,"[1, 118, 0]",310
928,"[1, 118, 0]",310
929,"[1, 118, 0]",310
930,"[1, 60, 0]",310
931,"[1, 60, 0]",310
932,"[1, 60, 0]",310
933,"[1, 60, 0]",310
934,"[1, 60, 0]",310
935,"[1, 60, 0]",310
936,"[1, 60, 0]",310
937,"[1, 60, 0]",310
938,"[1, 60, 0]",310
939,"[1, 60, 0]",310
940,"[1, 60, 0]",310
941,"[1, 60, 0]",310
942,"[1, 60, 0]",310
943,"[1, 60, 0]",310
944,"[1, 60, 0]",310
945,"[1, 60, 0]",310
946,"[1, 60, 0]",310
947,"[1, 60, 0]",310
948,"[1, 60, 0]",310
949,"[1, 60, 0]",310
950,"[1, 60, 0]",310
951,"[1, 60, 0]",310
952,"[1, 60, 0]",310
953,"[1, 60, 0]",310
954,"[1, 60, 0]",310
955,"[1, 60, 0]",310
956,"[1, 60, 0]",310
957,"[1, 60, 0]",310
958,"[1, 60, 0]",310
959,"[1, 60, 0]",310
960,"[1, 60, 0]",310
961,"[1, 60, 0]",310
962,"[1, 60, 0]",310
963,"[1, 60, 0]",310
964,"[1, 60, 0]",310
965,"[1, 60, 0]",310
966,"[1, 60, 0]",310
967,"[1, 60, 0]",310
968,"[1, 60, 0]",310
969,"[1, 60, 0]",310
970,"[1, 60, 0]",310
971,"[1, 60, 0]",310
972,"[1, 60, 0]",310
973,"[1, 60, 0]",310
974,"[1, 60, 0]",310
975,"[1, 60, 0]",310
976,"[1, 60, 0]",310
977,"[1, 60, 0]",310
978,"[1, 60, 0]",310
979,"[1, 60, 0]",310
980,"[1, 60, 0]",310
981,"[1, 60, 0]",310
982,"[1, 60, 0]",310
983,"[1, 60, 0]",310
984,"[1, 60, 0]",310
985,"[1, 60, 0]",310
986,"[1, 60, 0]",310
987,"[1, 60, 0]",310
988,"[1, 60, 0]",310
989,"[1, 60, 0]",310
990,"[1, 60, 0]",310
991,"[1, 60, 0]",310
992,"[1, 60, 0]",310
993,"[1, 60, 0]",310
994,"[1, 60, 0]",310
995,"[1, 60, 0]",310
996,"[1, 60, 0]",310
997,"[1, 60, 0]",310
998,"[1, 60, 0]",310
999,"[1, 60, 0]",310
1000,"[1, 60, 0]",311
1001,"[1, 60, 0]",311
1002,"[1, 60, 0]",311
1003,"[1, 60, 0]",311
1004,"[1, 60, 0]",311
1005,"[1, 60, 0]",311
1006,"[1, 60, 0]",311
1007,"[1, 60, 0]",311
1008,"[1, 60, 0]",311
1009,"[1, 60, 0]",311
1010,"[1, 60, 0]",311
1011,"[1, 60, 0]",311
1012,"[1, 60, 0]",311
1013,"[1, 60, 0]",311
1014,"[1, 60, 0]",311
1015,"[1, 60, 0]",311
1016,"[1, 60, 0]",311
1017,"[1, 60, 0]",311
1018,"[1, 118, 0]",311
1019,"[1, 118, 0]",311
1020,"[1, 118, 0]",311
1021,"[1, 60, 0]",311
1022,"[1, 60, 0]",311
1023,"[1, 60, 0]",311
1024,"[1, 60, 0]",311
1025,"[1, 60, 0]",311
1026,"[1, 60, 0]",311
1027,"[1, 60, 0]",311
1028,"[1, 60, 0]",311
1029,"[1, 60, 0]",311
1030,"[1, 60, 0]",311
1031,"[1, 60, 0]",311
1032,"[1, 60, 0]",311
1033,"[1, 60, 0]",311
1034,"[1, 60, 0]",311
1035,"[1, 60, 0]",311
1036,"[1, 60, 0]",311
1037,"[1, 60, 0]",311
1038,"[1, 60, 0]",311
1039,"[1, 60, 0]",311
1040,"[1, 60, 0]",311
1041,"[1, 60, 0]",311
1042,"[1, 60, 0]",311
1043,"[1, 60, 0]",311
1044,"[1, 60, 0]",311
1045,"[1, 60, 0]",311
1046,"[1, 60, 0]",311
1047,"[1, 60, 0]",311
1048,"[1, 60, 0]",311
1049,"[1, 60, 0]",311
1050,"[1, 60, 0]",311
1051,"[1, 60, 0]",311
1052,"[1, 60, 0]",311
1053,"[1, 60, 0]",311
1054,"[1, 60, 0]",311
1055,"[1, 60, 0]",311
1056,"[1, 60, 0]",311
1057,"[1, 60, 0]",311
1058,"[1, 60, 0]",311
1059,"[1, 60, 0]",311
1060,"[1, 60, 0]",311
1061,"[1, 60, 0]",311
1062,"[1, 60, 0]",311
1063,"[1, 60, 0]",311
1064,"[1, 60, 0]",311
1065,"[1, 60, 0]",311
1066,"[1, 60, 0]",311
1067,"[1, 60, 0]",311
1068,"[1, 60, 0]",311
1069,"[1, 60, 0]",311
1070,"[1, 60, 0]",311
1071,"[1, 60, 0]",311
1072,"[1, 60, 0]",311
1073,"[1, 60, 0]",311
1074,"[1, 60, 0]",311
1075,"[1, 60, 0]",311
1076,"[1, 60, 0]",311
1077,"[1, 60, 0]",311
1078,"[1, 60, 0]",311
1079,"[1, 60, 0]",311
1080,"[1, 60, 0]",311
1081,"[1, 60, 0]",311
1082,"[1, 60, 0]",311
1083,"[1, 60, 0]",311
1084,"[1, 60, 0]",311
1085,"[1, 60, 0]",311
1086,"[1, 60, 0]",311
1087,"[1, 60, 0]",311
1088,"[1, 60, 0]",311
1089,"[1, 60, 0]",311
1090,"[1, 60, 0]",311
1091,"[1, 60, 0]",311
1092,"[1, 60, 0]",311
1093,"[1, 60, 0]",311
1094,"[1, 60, 0]",311
1095,"[1, 60, 0]",311
1096,"[1, 60, 0]",311
1097,"[1, 60, 0]",311
1098,"[1, 60, 0]",311
1099,"[1, 60, 0]",311
1100,"[1, 60, 0]",311
1101,"[1, 60, 0]",311
1102,"[1, 60, 0]",311
1103,"[1, 60, 0]",311
1104,"[1, 60, 0]",311
1105,"[1, 60, 0]",311
1106,"[1, 60, 0]",311
1107,"[1, 60, 0]",311
1108,"[1, 60, 0]",311
1109,"[1, 60, 0]",311
1110,"[1, 60, 0]",311
1111,"[1, 60, 0]",311
1112,"[1, 60, 0]",311
1113,"[1, 60, 0]",311
1114,"[1, 60, 0]",311
1115,"[1, 60, 0]",311
1116,"[1, 60, 0]",311
1117,"[1, 60, 0]",311
1118,"[1, 60, 0]",311
1119,"[1, 60, 0]",311
1120,"[1, 60, 0]",311
1121,"[1, 118, 0]",311
1122,"[1, 118, 0]",311
1123,"[1, 118, 0]",311
1124,"[1, 266, 0]",311
1125,"[1, 118, 0]",311
1126,"[1, 60, 0]",311
1127,"[1, 60, 0]",311
1128,"[1, 60, 0]",311
1129,"[1, 60, 0]",311
1130,"[1, 60, 0]",311
1131,"[1, 60, 0]",311
1132,"[1, 60, 0]",311
1133,"[1, 60, 0]",311
1134,"[1, 60, 0]",311
1135,"[1, 60, 0]",311
1136,"[1, 60, 0]",311
1137,"[1, 60, 0]",311
1138,"[1, 60, 0]",311
1139,"[1, 60, 0]",311
1140,"[1, 60, 0]",311
1141,"[1, 60, 0]",311
1142,"[1, 60, 0]",311
1143,"[1, 60, 0]",311
1144,"[1, 60, 0]",311
1145,"[1, 60, 0]",311
1146,"[1, 60, 0]",311
1147,"[1, 60, 0]",311
1148,"[1, 60, 0]",311
1149,"[1, 60, 0]",311
1150,"[1, 60, 0]",311
1151,"[1, 60, 0]",311
1152,"[1, 60, 0]",311
1153,"[1, 60, 0]",311
1154,"[1, 60, 0]",311
1155,"[1, 60, 0]",311
1156,"[1, 60, 0]",311
1157,"[1, 60, 0]",311
1158,"[1, 60, 0]",311
1159,"[1, 60, 0]",311
1160,"[1, 60, 0]",311
1161,"[1, 60, 0]",311
1162,"[1, 60, 0]",311
1163,"[1, 60, 0]",311
1164,"[1, 60, 0]",311
1165,"[1, 60, 0]",311
1166,"[1, 60, 0]",311
1167,"[1, 60, 0]",311
1168,"[1, 60, 0]",311
1169,"[1, 60, 0]",311
1170,"[1, 60, 0]",311
1171,"[1, 60, 0]",311
1172,"[1, 60, 0]",311
1173,"[1, 60, 0]",311
1174,"[1, 60, 0]",311
1175,"[1, 60, 0]",311
1176,"[1, 60, 0]",311
1177,"[1, 60, 0]",311
1178,"[1, 60, 0]",311
1179,"[1, 60, 0]",311
1180,"[1, 60, 0]",311
1181,"[1, 60, 0]",311
1182,"[1, 60, 0]",311
1183,"[1, 60, 0]",311
1184,"[1, 60, 0]",311
1185,"[1, 60, 0]",311
1186,"[1, 60, 0]",311
1187,"[1, 60, 0]",311
1188,"[1, 60, 0]",311
1189,"[1, 60, 0]",311
1190,"[1, 60, 0]",311
1191,"[1, 60, 0]",311
1192,"[1, 60, 0]",311
1193,"[1, 60, 0]",311
1194,"[1, 60, 0]",311
1195,"[1, 60, 0]",311
1196,"[1, 60, 0]",311
1197,"[1, 60, 0]",311
1198,"[1, 60, 0]",311
1199,"[1, 60, 0]",311
1200,"[1, 60, 0]",320
1201,"[1, 60, 0]",320
1202,"[1, 60, 0]",320
1203,"[1, 60, 0]",320
1204,"[1, 60, 0]",320
1205,"[1, 60, 0]",320
1206,"[1, 60, 0]",320
1207,"[1, 60, 0]",320
1208,"[1, 60, 0]",320
1209,"[1, 60, 0]",320
1210,"[1, 60, 0]",320
1211,"[1, 60, 0]",320
1212,"[1, 60, 0]",320
1213,"[1, 60, 0]",320
1214,"[1, 60, 0]",320
1215,"[1, 60, 0]",320
1216,"[1, 60, 0]",320
1217,"[1, 60, 0]",320
1218,"[1, 60, 0]",320
1219,"[1, 60, 0]",320
1220,"[1, 270, 0]",320
1221,"[1, 60, 0]",320
1222,"[1, 60, 0]",320
1223,"[1, 60, 0]",320
1224,"[1, 60, 0]",320
1225,"[1, 60, 0]",320
1226,"[1, 60, 0]",320
1227,"[1, 60, 0]",320
1228,"[1, 60, 0]",320
1229,"[1, 60, 0]",320
1230,"[1, 60, 0]",320
1231,"[1, 60, 0]",320
1232,"[1, 60, 0]",320
1233,"[1, 60, 0]",320
1234,"[1, 60, 0]",320
1235,"[1, 60, 0]",320
1236,"[1, 60, 0]",320
1237,"[1, 60, 0]",320
1238,"[1, 60, 0]",320
1239,"[1, 60, 0]",320
1240,"[1, 60, 0]",320
1241,"[1, 60, 0]",320
1242,"[1, 60, 0]",320
1243,"[1, 60, 0]",320
1244,"[1, 60, 0]",320
1245,"[1, 60, 0]",320
1246,"[1, 60, 0]",320
1247,"[1, 60, 0]",320
1248,"[1, 60, 0]",320
1249,"[1, 60, 0]",320
1250,"[1, 60, 0]",320
1251,"[1, 60, 0]",320
1252,"[1, 60, 0]",320
1253,"[1, 60, 0]",320
1254,"[1, 60, 0]",320
1255,"[1, 60, 0]",320
1256,"[1, 60, 0]",320
1257,"[1, 60, 0]",320
1258,"[1, 60, 0]",320
1259,"[1, 60, 0]",320
1260,"[1, 60, 0]",320
1261,"[1, 60, 0]",320
1262,"[1, 60, 0]",320
1263,"[1, 60, 0]",320
1264,"[1, 60, 0]",320
1265,"[1, 60, 0]",320
1266,"[1, 60, 0]",320
1267,"[1, 60, 0]",320
1268,"[1, 60, 0]",320
1269,"[0, 52, 0]",320
1270,"[1, 60, 0]",320
1271,"[1, 60, 0]",320
1272,"[1, 60, 0]",320
1273,"[1, 60, 0]",320
1274,"[1, 60, 0]",320
1275,"[1, 60, 0]",320
1276,"[1, 60, 0]",320
1277,"[1, 60, 0]",320
1278,"[1, 60, 0]",320
1279,"[1, 60, 0]",320
1280,"[1, 60, 0]",320
1281,"[1, 60, 0]",320
1282,"[1, 60, 0]",320
1283,"[1, 60, 0]",320
1284,"[1, 60, 0]",320
1285,"[1, 60, 0]",320
1286,"[1, 60, 0]",320
1287,"[1, 60, 0]",320
1288,"[1, 60, 0]",320
1289,"[1, 60, 0]",320
1290,"[1, 60, 0]",320
1291,"[1, 60, 0]",320
1292,"[1, 60, 0]",320
1293,"[1, 60, 0]",320
1294,"[1, 60, 0]",320
1295,"[1, 60, 0]",320
1296,"[1, 60, 0]",320
1297,"[1, 60, 0]",320
1298,"[1, 60, 0]",320
1299,"[1, 60, 0]",320
1300,"[1, 60, 0]",320
1301,"[1, 60, 0]",320
1302,"[1, 60, 0]",320
1303,"[1, 60, 0]",320
1304,"[1, 60, 0]",320
1305,"[1, 60, 0]",320
1306,"[1, 60, 0]",320
1307,"[1, 60, 0]",320
1308,"[1, 60, 0]",320
1309,"[1, 60, 0]",320
1310,"[1, 60, 0]",320
1311,"[1, 60, 0]",320
1312,"[1, 60, 0]",320
1313,"[1, 60, 0]",320
1314,"[1, 60, 0]",320
1315,"[1, 60, 0]",320
1316,"[1, 60, 0]",320
1317,"[1, 60, 0]",320
1318,"[1, 60, 0]",320
1319,"[1, 60, 0]",320
1320,"[1, 60, 0]",320
1321,"[1, 105, 0]",320
1322,"[1, 270, 0]",320
1323,"[1, 60, 0]",320
1324,"[1, 105, 0]",320
1325,"[1, 105, 0]",320
1326,"[1, 105, 0]",320
1327,"[1, 105, 0]",320
1328,"[1, 270, 0]",320
1329,"[1, 105, 0]",320
1330,"[1, 60, 0]",320
1331,"[1, 60, 0]",320
1332,"[1, 60, 0]",320
1333,"[1, 60, 0]",320
1334,"[1, 60, 0]",320
1335,"[1, 60, 0]",320
1336,"[1, 60, 0]",320
1337,"[1, 60, 0]",320
1338,"[1, 60, 0]",320
1339,"[1, 60, 0]",320
1340,"[1, 60, 0]",320
1341,"[1, 60, 0]",320
1342,"[1, 60, 0]",320
1343,"[1, 60, 0]",320
1344,"[1, 60, 0]",320
1345,"[1, 60, 0]",320
1346,"[1, 60, 0]",320
1347,"[1, 60, 0]",320
1348,"[1, 60, 0]",320
1349,"[1, 60, 0]",320
1350,"[1, 60, 0]",320
1351,"[1, 60, 0]",320
1352,"[1, 60, 0]",320
1353,"[1, 60, 0]",320
1354,"[1, 60, 0]",320
1355,"[1, 60, 0]",320
1356,"[1, 60, 0]",320
1357,"[1, 60, 0]",320
1358,"[1, 60, 0]",320
1359,"[1, 60, 0]",320
1360,"[1, 60, 0]",320
1361,"[1, 60, 0]",320
1362,"[1, 60, 0]",320
1363,"[1, 60, 0]",320
1364,"[1, 60, 0]",320
1365,"[1, 60, 0]",320
1366,"[1, 60, 0]",320
1367,"[1, 60, 0]",320
1368,"[1, 60, 0]",320
1369,"[1, 60, 0]",320
1370,"[1, 60, 0]",320
1371,"[1, 60, 0]",320
1372,"[1, 60, 0]",320
1373,"[1, 60, 0]",320
1374,"[1, 60, 0]",320
1375,"[1, 60, 0]",320
1376,"[1, 60, 0]",320
1377,"[1, 60, 0]",320
1378,"[1, 60, 0]",320
1379,"[1, 60, 0]",320
1380,"[1, 60, 0]",320
1381,"[1, 60, 0]",320
1382,"[1, 60, 0]",320
1383,"[1, 60, 0]",320
1384,"[1, 60, 0]",320
1385,"[1, 60, 0]",320
1386,"[1, 60, 0]",320
1387,"[1, 60, 0]",320
1388,"[1, 60, 0]",320
1389,"[1, 60, 0]",320
1390,"[1, 60, 0]",320
1391,"[1, 60, 0]",320
1392,"[1, 60, 0]",320
1393,"[1, 60, 0]",320
1394,"[1, 60, 0]",320
1395,"[1, 60, 0]",320
1396,"[1, 60, 0]",320
1397,"[1, 60, 0]",320
1398,"[1, 60, 0]",320
1399,"[1, 60, 0]",320
1400,"[1, 60, 0]",321
1401,"[1, 60, 0]",321
1402,"[1, 60, 0]",321
1403,"[1, 60, 0]",321
1404,"[1, 60, 0]",321
1405,"[1, 60, 0]",321
1406,"[1, 60, 0]",321
1407,"[1, 60, 0]",321
1408,"[1, 60, 0]",321
1409,"[1, 60, 0]",321
1410,"[1, 60, 0]",321
1411,"[1, 60, 0]",321
1412,"[1, 60, 0]",321
1413,"[1, 60, 0]",321
1414,"[1, 60, 0]",321
1415,"[1, 60, 0]",321
1416,"[1, 60, 0]",321
1417,"[1, 60, 0]",321
1418,"[1, 60, 0]",321
1419,"[1, 60, 0]",321
1420,"[1, 60, 0]",321
1421,"[1, 60, 0]",321
1422,"[1, 60, 0]",321
1423,"[1, 60, 0]",321
1424,"[1, 60, 0]",321
1425,"[1, 60, 0]",321
1426,"[1, 60, 0]",321
1427,"[1, 60, 0]",321
1428,"[1, 60, 0]",321
1429,"[1, 60, 0]",321
1430,"[1, 60, 0]",321
1431,"[1, 60, 0]",321
1432,"[1, 60, 0]",321
1433,"[1, 60, 0]",321
1434,"[1, 60, 0]",321
1435,"[1, 60, 0]",321
1436,"[1, 60, 0]",321
1437,"[1, 60, 0]",321
1438,"[1, 60, 0]",321
1439,"[1, 60, 0]",321
1440,"[1, 60, 0]",321
1441,"[1, 60, 0]",321
1442,"[1, 60, 0]",321
1443,"[1, 60, 0]",321
1444,"[1, 60, 0]",321
1445,"[1, 60, 0]",321
1446,"[1, 60, 0]",321
1447,"[1, 60, 0]",321
1448,"[1, 60, 0]",321
1449,"[1, 60, 0]",321
1450,"[1, 60, 0]",321
1451,"[1, 60, 0]",321
1452,"[1, 60, 0]",321
1453,"[0, 60, 0]",321
1454,"[1, 60, 0]",321
1455,"[1, 60, 0]",321
1456,"[1, 60, 0]",321
1457,"[1, 60, 0]",321
1458,"[0, 60, 0]",321
1459,"[1, 60, 0]",321
1460,"[1, 60, 0]",321
1461,"[1, 60, 0]",321
1462,"[0, 60, 0]",321
1463,"[1, 60, 0]",321
1464,"[1, 60, 0]",321
1465,"[1, 60, 0]",321
1466,"[1, 60, 0]",321
1467,"[1, 60, 0]",321
1468,"[1, 60, 0]",321
1469,"[1, 60, 0]",321
1470,"[1, 60, 0]",321
1471,"[1, 60, 0]",321
1472,"[1, 60, 0]",321
1473,"[1, 60, 0]",321
1474,"[1, 60, 0]",321
1475,"[1, 60, 0]",321
1476,"[1, 60, 0]",321
1477,"[1, 60, 0]",321
1478,"[1, 60, 0]",321
1479,"[1, 60, 0]",321
1480,"[1, 60, 0]",321
1481,"[1, 60, 0]",321
1482,"[1, 60, 0]",321
1483,"[1, 60, 0]",321
1484,"[1, 60, 0]",321
1485,"[1, 60, 0]",321
1486,"[1, 60, 0]",321
1487,"[1, 60, 0]",321
1488,"[1, 60, 0]",321
1489,"[1, 60, 0]",321
1490,"[1, 60, 0]",321
1491,"[1, 60, 0]",321
1492,"[1, 60, 0]",321
1493,"[1, 60, 0]",321
1494,"[1, 60, 0]",321
1495,"[1, 60, 0]",321
1496,"[1, 60, 0]",321
1497,"[1, 60, 0]",321
1498,"[1, 60, 0]",321
1499,"[1, 60, 0]",321
1500,"[1, 60, 0]",321
1501,"[1, 60, 0]",321
1502,"[1, 60, 0]",321
1503,"[1, 60, 0]",321
1504,"[1, 60, 0]",321
1505,"[1, 60, 0]",321
1506,"[1, 60, 0]",321
1507,"[1, 60, 0]",321
1508,"[1, 60, 0]",321
1509,"[1, 60, 0]",321
1510,"[1, 60, 0]",321
1511,"[1, 60, 0]",321
1512,"[1, 60, 0]",321
1513,"[1, 60, 0]",321
1514,"[1, 60, 0]",321
1515,"[1, 60, 0]",321
1516,"[1, 60, 0]",321
1517,"[1, 60, 0]",321
1518,"[1, 60, 0]",321
1519,"[1, 60, 0]",321
1520,"[1, 60, 0]",321
1521,"[1, 60, 0]",321
1522,"[1, 60, 0]",321
1523,"[1, 60, 0]",321
1524,"[1, 60, 0]",321
1525,"[1, 60, 0]",321
1526,"[1, 60, 0]",321
1527,"[1, 60, 0]",321
1528,"[1, 60, 0]",321
1529,"[1, 60, 0]",321
1530,"[1, 60, 0]",321
1531,"[1, 60, 0]",321
1532,"[1, 60, 0]",321
1533,"[1, 60, 0]",321
1534,"[1, 60, 0]",321
1535,"[1, 60, 0]",321
1536,"[1, 60, 0]",321
1537,"[1, 60, 0]",321
1538,"[1, 60, 0]",321
1539,"[1, 60, 0]",321
1540,"[1, 60, 0]",321
1541,"[1, 60, 0]",321
1542,"[1, 60, 0]",321
1543,"[1, 60, 0]",321
1544,"[1, 60, 0]",321
1545,"[1, 60, 0]",321
1546,"[1, 60, 0]",321
1547,"[1, 60, 0]",321
1548,"[1, 60, 0]",321
1549,"[1, 60, 0]",321
1550,"[1, 60, 0]",321
1551,"[1, 60, 0]",321
1552,"[1, 60, 0]",321
1553,"[1, 60, 0]",321
1554,"[1, 60, 0]",321
1555,"[1, 60, 0]",321
1556,"[1, 60, 0]",321
1557,"[1, 60, 0]",321
1558,"[1, 60, 0]",321
1559,"[1, 60, 0]",321
1560,"[1, 60, 0]",321
1561,"[1, 60, 0]",321
1562,"[1, 60, 0]",321
1563,"[1, 60, 0]",321
1564,"[1, 60, 0]",321
1565,"[1, 60, 0]",321
1566,"[1, 60, 0]",321
1567,"[1, 60, 0]",321
1568,"[1, 60, 0]",321
1569,"[1, 60, 0]",321
1570,"[1, 60, 0]",321
1571,"[1, 60, 0]",321
1572,"[1, 60, 0]",321
1573,"[1, 60, 0]",321
1574,"[1, 60, 0]",321
1575,"[1, 60, 0]",321
1576,"[1, 60, 0]",321
1577,"[1, 60, 0]",321
1578,"[1, 60, 0]",321
1579,"[1, 60, 0]",321
1580,"[1, 60, 0]",321
1581,"[1, 60, 0]",321
1582,"[1, 60, 0]",321
1583,"[1, 60, 0]",321
1584,"[1, 60, 0]",321
1585,"[1, 60, 0]",321
1586,"[1, 60, 0]",321
1587,"[1, 60, 0]",321
1588,"[1, 60, 0]",321
1589,"[1, 60, 0]",321
1590,"[1, 60, 0]",321
1591,"[1, 60, 0]",321
1592,"[1, 60, 0]",321
1593,"[1, 60, 0]",321
1594,"[1, 60, 0]",321
1595,"[1, 60, 0]",321
1596,"[1, 60, 0]",321
1597,"[1, 60, 0]",321
1598,"[1, 60, 0]",321
1599,"[1, 60, 0]",321
1600,"[1, 64, 0]",410
1601,"[1, 64, 0]",410
1602,"[1, 64, 0]",410
1603,"[1, 64, 0]",410
1604,"[1, 64, 0]",410
1605,"[1, 64, 0]",410
1606,"[1, 64, 0]",410
1607,"[1, 64, 0]",410
1608,"[1, 64, 0]",410
1609,"[1, 64, 0]",410
1610,"[1, 64, 0]",410
1611,"[1, 64, 0]",410
1612,"[1, 64, 0]",410
1613,"[1, 64, 0]",410
1614,"[1, 64, 0]",410
1615,"[1, 64, 0]",410
1616,"[1, 64, 0]",410
1617,"[1, 64, 0]",410
1618,"[1, 64, 0]",410
1619,"[1, 64, 0]",410
1620,"[1, 64, 0]",410
1621,"[1, 64, 0]",410
1622,"[1, 64, 0]",410
1623,"[1, 64, 0]",410
1624,"[1, 64, 0]",410
1625,"[1, 64, 0]",410
1626,"[1, 64, 0]",410
1627,"[1, 64, 0]",410
1628,"[1, 64, 0]",410
1629,"[1, 64, 0]",410
1630,"[1, 64, 0]",410
1631,"[1, 64, 0]",410
1632,"[1, 64, 0]",410
1633,"[1, 64, 0]",410
1634,"[1, 64, 0]",410
1635,"[1, 64, 0]",410
1636,"[1, 64, 0]",410
1637,"[1, 64, 0]",410
1638,"[1, 64, 0]",410
1639,"[1, 64, 0]",410
1640,"[1, 64, 0]",410
1641,"[1, 64, 0]",410
1642,"[1, 64, 0]",410
1643,"[1, 64, 0]",410
1644,"[1, 64, 0]",410
1645,"[1, 64, 0]",410
1646,"[1, 64, 0]",410
1647,"[1, 64, 0]",410
1648,"[1, 64, 0]",410
1649,"[1, 64, 0]",410
1650,"[1, 64, 0]",410
1651,"[1, 64, 0]",410
1652,"[1, 64, 0]",410
1653,"[1, 64, 0]",410
1654,"[1, 64, 0]",410
1655,"[1, 64, 0]",410
1656,"[1, 64, 0]",410
1657,"[1, 64, 0]",410
1658,"[1, 64, 0]",410
1659,"[1, 64, 0]",410
1660,"[1, 64, 0]",410
1661,"[1, 64, 0]",410
1662,"[1, 64, 0]",410
1663,"[1, 64, 0]",410
1664,"[1, 64, 0]",410
1665,"[1, 64, 0]",410
1666,"[1, 64, 0]",410
1667,"[1, 64, 0]",410
1668,"[1, 64, 0]",410
1669,"[1, 64, 0]",410
1670,"[1, 64, 0]",410
1671,"[1, 64, 0]",410
1672,"[1, 64, 0]",410
1673,"[1, 64, 0]",410
1674,"[1, 64, 0]",410
1675,"[1, 64, 0]",410
1676,"[1, 64, 0]",410
1677,"[1, 64, 0]",410
1678,"[1, 64, 0]",410
1679,"[1, 64, 0]",410
1680,"[1, 64, 0]",410
1681,"[1, 64, 0]",410
1682,"[1, 64, 0]",410
1683,"[1, 64, 0]",410
1684,"[1, 64, 0]",410
1685,"[1, 64, 0]",410
1686,"[1, 64, 0]",410
1687,"[1, 64, 0]",410
1688,"[1, 64, 0]",410
1689,"[1, 64, 0]",410
1690,"[1, 64, 0]",410
1691,"[1, 64, 0]",410
1692,"[1, 64, 0]",410
1693,"[1, 64, 0]",410
1694,"[1, 64, 0]",410
1695,"[1, 64, 0]",410
1696,"[1, 64, 0]",410
1697,"[1, 64, 0]",410
1698,"[1, 64, 0]",410
1699,"[1, 64, 0]",410
1700,"[1, 118, 0]",410
1701,"[1, 118, 0]",410
1702,"[1, 118, 0]",410
1703,"[1, 118, 0]",410
1704,"[1, 118, 0]",410
1705,"[1, 118, 0]",410
1706,"[1, 118, 0]",410
1707,"[1, 118, 0]",410
1708,"[1, 64, 0]",410
1709,"[1, 118, 0]",410
1710,"[1, 118, 0]",410
1711,"[1, 118, 0]",410
1712,"[1, 118, 0]",410
1713,"[1, 118, 0]",410
1714,"[1, 118, 0]",410
1715,"[1, 118, 0]",410
1716,"[1, 118, 0]",410
1717,"[1, 118, 0]",410
1718,"[1, 118, 0]",410
1719,"[1, 118, 0]",410
1720,"[1, 118, 0]",410
1721,"[1, 118, 0]",410
1722,"[1, 118, 0]",410
1723,"[1, 118, 0]",410
1724,"[1, 118, 0]",410
1725,"[1, 118, 0]",410
1726,"[1, 118, 0]",410
1727,"[1, 118, 0]",410
1728,"[1, 118, 0]",410
1729,"[1, 118, 0]",410
1730,"[1, 118, 0]",410
1731,"[1, 118, 0]",410
1732,"[1, 118, 0]",410
1733,"[1, 118, 0]",410
1734,"[1, 118, 0]",410
1735,"[1, 118, 0]",410
1736,"[1, 118, 0]",410
1737,"[1, 118, 0]",410
1738,"[1, 118, 0]",410
1739,"[1, 118, 0]",410
1740,"[1, 118, 0]",410
1741,"[1, 118, 0]",410
1742,"[1, 118, 0]",410
1743,"[1, 118, 0]",410
1744,"[1, 118, 0]",410
1745,"[1, 118, 0]",410
1746,"[1, 118, 0]",410
1747,"[1, 118, 0]",410
1748,"[1, 118, 0]",410
1749,"[1, 118, 0]",410
1750,"[1, 118, 0]",410
1751,"[1, 118, 0]",410
1752,"[1, 118, 0]",410
1753,"[1, 118, 0]",410
1754,"[1, 118, 0]",410
1755,"[1, 118, 0]",410
1756,"[1, 118, 0]",410
1757,"[1, 118, 0]",410
1758,"[1, 118, 0]",410
1759,"[1, 118, 0]",410
1760,"[1, 118, 0]",410
1761,"[1, 118, 0]",410
1762,"[1, 118, 0]",410
1763,"[1, 118, 0]",410
1764,"[1, 118, 0]",410
1765,"[1, 118, 0]",410
1766,"[1, 118, 0]",410
1767,"[1, 118, 0]",410
1768,"[1, 118, 0]",410
1769,"[1, 118, 0]",410
1770,"[1, 118, 0]",410
1771,"[1, 118, 0]",410
1772,"[1, 118, 0]",410
1773,"[1, 118, 0]",410
1774,"[1, 64, 0]",410
1775,"[1, 118, 0]",410
1776,"[1, 118, 0]",410
1777,"[1, 118, 0]",410
1778,"[1, 118, 0]",410
1779,"[1, 118, 0]",410
1780,"[1, 118, 0]",410
1781,"[1, 118, 0]",410
1782,"[1, 118, 0]",410
1783,"[1, 118, 0]",410
1784,"[1, 118, 0]",410
1785,"[1, 118, 0]",410
1786,"[1, 118, 0]",410
1787,"[1, 118, 0]",410
1788,"[1, 118, 0]",410
1789,"[1, 118, 0]",410
1790,"[1, 118, 0]",410
1791,"[1, 118, 0]",410
1792,"[1, 118, 0]",410
1793,"[1, 118, 0]",410
1794,"[1, 118, 0]",410
1795,"[1, 118, 0]",410
1796,"[1, 118, 0]",410
1797,"[1, 118, 0]",410
1798,"[1, 118, 0]",410
1799,"[1, 118, 0]",410
1800,"[1, 64, 0]",411
1801,"[1, 64, 0]",411
1802,"[1, 64, 0]",411
1803,"[1, 64, 0]",411
1804,"[1, 64, 0]",411
1805,"[1, 64, 0]",411
1806,"[1, 64, 0]",411
1807,"[1, 64, 0]",411
1808,"[1, 64, 0]",411
1809,"[1, 64, 0]",411
1810,"[1, 64, 0]",411
1811,"[1, 64, 0]",411
1812,"[1, 64, 0]",411
1813,"[1, 64, 0]",411
1814,"[1, 64, 0]",411
1815,"[1, 64, 0]",411
1816,"[1, 64, 0]",411
1817,"[1, 64, 0]",411
1818,"[1, 64, 0]",411
1819,"[1, 64, 0]",411
1820,"[1, 64, 0]",411
1821,"[1, 64, 0]",411
1822,"[1, 64, 0]",411
1823,"[1, 64, 0]",411
1824,"[1, 64, 0]",411
1825,"[1, 64, 0]",411
1826,"[1, 64, 0]",411
1827,"[1, 64, 0]",411
1828,"[1, 64, 0]",411
1829,"[1, 64, 0]",411
1830,"[1, 64, 0]",411
1831,"[1, 64, 0]",411
1832,"[1, 64, 0]",411
1833,"[1, 64, 0]",411
1834,"[1, 64, 0]",411
1835,"[1, 64, 0]",411
1836,"[1, 64, 0]",411
1837,"[1, 64, 0]",411
1838,"[1, 64, 0]",411
1839,"[1, 64, 0]",411
1840,"[1, 64, 0]",411
1841,"[1, 64, 0]",411
1842,"[1, 64, 0]",411
1843,"[1, 64, 0]",411
1844,"[1, 64, 0]",411
1845,"[1, 64, 0]",411
1846,"[1, 64, 0]",411
1847,"[1, 64, 0]",411
1848,"[1, 64, 0]",411
1849,"[1, 64, 0]",411
1850,"[1, 64, 0]",411
1851,"[1, 64, 0]",411
1852,"[1, 64, 0]",411
1853,"[1, 64, 0]",411
1854,"[1, 64, 0]",411
1855,"[1, 64, 0]",411
1856,"[1, 64, 0]",411
1857,"[1, 64, 0]",411
1858,"[1, 64, 0]",411
1859,"[1, 64, 0]",411
1860,"[1, 64, 0]",411
1861,"[1, 64, 0]",411
1862,"[1, 64, 0]",411
1863,"[1, 64, 0]",411
1864,"[1, 64, 0]",411
1865,"[1, 64, 0]",411
1866,"[1, 64, 0]",411
1867,"[1, 64, 0]",411
1868,"[1, 64, 0]",411
1869,"[1, 64, 0]",411
1870,"[1, 64, 0]",411
1871,"[1, 64, 0]",411
1872,"[1, 64, 0]",411
1873,"[1, 64, 0]",411
1874,"[1, 64, 0]",411
1875,"[1, 64, 0]",411
1876,"[1, 64, 0]",411
1877,"[1, 64, 0]",411
1878,"[1, 64, 0]",411
1879,"[1, 64, 0]",411
1880,"[1, 64, 0]",411
1881,"[1, 64, 0]",411
1882,"[1, 64, 0]",411
1883,"[1, 64, 0]",411
1884,"[1, 64, 0]",411
1885,"[1, 64, 0]",411
1886,"[1, 64, 0]",411
1887,"[1, 64, 0]",411
1888,"[1, 64, 0]",411
1889,"[1, 64, 0]",411
1890,"[1, 64, 0]",411
1891,"[1, 64, 0]",411
1892,"[1, 64, 0]",411
1893,"[1, 64, 0]",411
1894,"[1, 64, 0]",411
1895,"[1, 64, 0]",411
1896,"[1, 64, 0]",411
1897,"[1, 64, 0]",411
1898,"[1, 64, 0]",411
1899,"[1, 64, 0]",411
1900,"[1, 118, 0]",411
1901,"[1, 118, 0]",411
1902,"[1, 118, 0]",411
1903,"[1, 118, 0]",411
1904,"[1, 118, 0]",411
1905,"[1, 118, 0]",411
1906,"[1, 118, 0]",411
1907,"[1, 118, 0]",411
1908,"[1, 266, 0]",411
1909,"[1, 118, 0]",411
1910,"[1, 118, 0]",411
1911,"[1, 118, 0]",411
1912,"[1, 118, 0]",411
1913,"[1, 118, 0]",411
1914,"[1, 118, 0]",411
1915,"[1, 118, 0]",411
1916,"[1, 118, 0]",411
1917,"[1, 118, 0]",411
1918,"[1, 118, 0]",411
1919,"[1, 118, 0]",411
1920,"[1, 118, 0]",411
1921,"[1, 118, 0]",411
1922,"[1, 118, 0]",411
1923,"[1, 118, 0]",411
1924,"[1, 64, 0]",411
1925,"[1, 118, 0]",411
1926,"[1, 118, 0]",411
1927,"[1, 118, 0]",411
1928,"[1, 118, 0]",411
1929,"[1, 118, 0]",411
1930,"[1, 118, 0]",411
1931,"[1, 118, 0]",411
1932,"[1, 118, 0]",411
1933,"[1, 118, 0]",411
1934,"[1, 118, 0]",411
1935,"[1, 118, 0]",411
1936,"[1, 118, 0]",411
1937,"[1, 118, 0]",411
1938,"[1, 118, 0]",411
1939,"[1, 118, 0]",411
1940,"[1, 118, 0]",411
1941,"[1, 118, 0]",411
1942,"[1, 118, 0]",411
1943,"[1, 118, 0]",411
1944,"[1, 118, 0]",411
1945,"[1, 118, 0]",411
1946,"[1, 118, 0]",411
1947,"[1, 118, 0]",411
1948,"[1, 118, 0]",411
1949,"[1, 118, 0]",411
1950,"[1, 118, 0]",411
1951,"[1, 118, 0]",411
1952,"[1, 118, 0]",411
1953,"[1, 118, 0]",411
1954,"[1, 118, 0]",411
1955,"[1, 118, 0]",411
1956,"[1, 118, 0]",411
1957,"[1, 118, 0]",411
1958,"[1, 118, 0]",411
1959,"[1, 118, 0]",411
1960,"[1, 118, 0]",411
1961,"[1, 118, 0]",411
1962,"[1, 118, 0]",411
1963,"[1, 118, 0]",411
1964,"[1, 118, 0]",411
1965,"[1, 118, 0]",411
1966,"[1, 118, 0]",411
1967,"[1, 118, 0]",411
1968,"[1, 118, 0]",411
1969,"[1, 64, 0]",411
1970,"[1, 118, 0]",411
1971,"[1, 118, 0]",411
1972,"[1, 118, 0]",411
1973,"[1, 118, 0]",411
1974,"[1, 118, 0]",411
1975,"[1, 118, 0]",411
1976,"[1, 118, 0]",411
1977,"[1, 118, 0]",411
1978,"[1, 118, 0]",411
1979,"[1, 118, 0]",411
1980,"[1, 118, 0]",411
1981,"[1, 118, 0]",411
1982,"[1, 118, 0]",411
1983,"[1, 118, 0]",411
1984,"[1, 118, 0]",411
1985,"[1, 118, 0]",411
1986,"[1, 118, 0]",411
1987,"[1, 118, 0]",411
1988,"[1, 118, 0]",411
1989,"[1, 118, 0]",411
1990,"[1, 118, 0]",411
1991,"[1, 118, 0]",411
1992,"[1, 118, 0]",411
1993,"[1, 118, 0]",411
1994,"[1, 118, 0]",411
1995,"[1, 118, 0]",411
1996,"[1, 118, 0]",411
1997,"[1, 118, 0]",411
1998,"[1, 118, 0]",411
1999,"[1, 118, 0]",411
2000,"[1, 64, 0]",420
2001,"[1, 64, 0]",420
2002,"[1, 64, 0]",420
2003,"[1, 64, 0]",420
2004,"[1, 64, 0]",420
2005,"[1, 64, 0]",420
2006,"[1, 64, 0]",420
2007,"[1, 64, 0]",420
2008,"[1, 64, 0]",420
2009,"[1, 64, 0]",420
2010,"[1, 64, 0]",420
2011,"[1, 64, 0]",420
2012,"[1, 64, 0]",420
2013,"[1, 64, 0]",420
2014,"[1, 64, 0]",420
2015,"[1, 64, 0]",420
2016,"[1, 64, 0]",420
2017,"[1, 64, 0]",420
2018,"[1, 64, 0]",420
2019,"[1, 64, 0]",420
2020,"[1, 64, 0]",420
2021,"[1, 64, 0]",420
2022,"[1, 64, 0]",420
2023,"[1, 64, 0]",420
2024,"[1, 64, 0]",420
2025,"[1, 64, 0]",420
2026,"[1, 64, 0]",420
2027,"[1, 64, 0]",420
2028,"[1, 64, 0]",420
2029,"[1, 64, 0]",420
2030,"[1, 64, 0]",420
2031,"[1, 64, 0]",420
2032,"[1, 64, 0]",420
2033,"[1, 64, 0]",420
2034,"[1, 64, 0]",420
2035,"[1, 64, 0]",420
2036,"[1, 64, 0]",420
2037,"[1, 64, 0]",420
2038,"[1, 64, 0]",420
2039,"[1, 64, 0]",420
2040,"[1, 64, 0]",420
2041,"[1, 64, 0]",420
2042,"[1, 64, 0]",420
2043,"[1, 64, 0]",420
2044,"[1, 64, 0]",420
2045,"[1, 64, 0]",420
2046,"[1, 64, 0]",420
2047,"[1, 64, 0]",420
2048,"[1, 64, 0]",420
2049,"[1, 64, 0]",420
2050,"[1, 64, 0]",420
2051,"[1, 64, 0]",420
2052,"[1, 64, 0]",420
2053,"[1, 64, 0]",420
2054,"[1, 64, 0]",420
2055,"[1, 64, 0]",420
2056,"[1, 64, 0]",420
2057,"[1, 64, 0]",420
2058,"[1, 64, 0]",420
2059,"[1, 64, 0]",420
2060,"[1, 64, 0]",420
2061,"[1, 64, 0]",420
2062,"[1, 64, 0]",420
2063,"[1, 64, 0]",420
2064,"[1, 64, 0]",420
2065,"[1, 64, 0]",420
2066,"[1, 64, 0]",420
2067,"[1, 64, 0]",420
2068,"[1, 64, 0]",420
2069,"[1, 64, 0]",420
2070,"[1, 64, 0]",420
2071,"[1, 64, 0]",420
2072,"[1, 64, 0]",420
2073,"[1, 64, 0]",420
2074,"[1, 64, 0]",420
2075,"[1, 64, 0]",420
2076,"[1, 64, 0]",420
2077,"[1, 64, 0]",420
2078,"[1, 64, 0]",420
2079,"[1, 64, 0]",420
2080,"[1, 64, 0]",420
2081,"[1, 64, 0]",420
2082,"[1, 64, 0]",420
2083,"[1, 64, 0]",420
2084,"[1, 64, 0]",420
2085,"[1, 64, 0]",420
2086,"[1, 64, 0]",420
2087,"[1, 64, 0]",420
2088,"[1, 64, 0]",420
2089,"[1, 64, 0]",420
2090,"[1, 64, 0]",420
2091,"[1, 64, 0]",420
2092,"[1, 64, 0]",420
2093,"[1, 64, 0]",420
2094,"[1, 64, 0]",420
2095,"[1, 64, 0]",420
2096,"[1, 64, 0]",420
2097,"[1, 64, 0]",420
2098,"[1, 64, 0]",420
2099,"[1, 64, 0]",420
2100,"[1, 64, 0]",420
2101,"[1, 105, 0]",420
2102,"[1, 64, 0]",420
2103,"[1, 64, 0]",420
2104,"[1, 64, 0]",420
2105,"[1, 64, 0]",420
2106,"[1, 64, 0]",420
2107,"[1, 64, 0]",420
2108,"[1, 64, 0]",420
2109,"[1, 64, 0]",420
2110,"[1, 64, 0]",420
2111,"[1, 64, 0]",420
2112,"[1, 64, 0]",420
2113,"[1, 64, 0]",420
2114,"[1, 64, 0]",420
2115,"[1, 64, 0]",420
2116,"[1, 64, 0]",420
2117,"[1, 64, 0]",420
2118,"[1, 64, 0]",420
2119,"[1, 64, 0]",420
2120,"[1, 64, 0]",420
2121,"[1, 64, 0]",420
2122,"[1, 64, 0]",420
2123,"[1, 64, 0]",420
2124,"[1, 64, 0]",420
2125,"[1, 64, 0]",420
2126,"[1, 64, 0]",420
2127,"[1, 64, 0]",420
2128,"[1, 64, 0]",420
2129,"[1, 64, 0]",420
2130,"[1, 64, 0]",420
2131,"[1, 64, 0]",420
2132,"[1, 64, 0]",420
2133,"[1, 64, 0]",420
2134,"[1, 64, 0]",420
2135,"[1, 64, 0]",420
2136,"[1, 105, 0]",420
2137,"[1, 64, 0]",420
2138,"[1, 64, 0]",420
2139,"[1, 64, 0]",420
2140,"[1, 64, 0]",420
2141,"[1, 64, 0]",420
2142,"[1, 64, 0]",420
2143,"[1, 64, 0]",420
2144,"[1, 64, 0]",420
2145,"[1, 129, 0]",420
2146,"[1, 64, 0]",420
2147,"[1, 64, 0]",420
2148,"[1, 64, 0]",420
2149,"[1, 64, 0]",420
2150,"[1, 64, 0]",420
2151,"[1, 64, 0]",420
2152,"[1, 64, 0]",420
2153,"[1, 64, 0]",420
2154,"[1, 64, 0]",420
2155,"[1, 64, 0]",420
2156,"[1, 64, 0]",420
2157,"[1, 64, 0]",420
2158,"[1, 64, 0]",420
2159,"[1, 64, 0]",420
2160,"[1, 64, 0]",420
2161,"[1, 64, 0]",420
2162,"[1, 64, 0]",420
2163,"[1, 64, 0]",420
2164,"[1, 64, 0]",420
2165,"[1, 64, 0]",420
2166,"[1, 64, 0]",420
2167,"[1, 64, 0]",420
2168,"[1, 64, 0]",420
2169,"[1, 64, 0]",420
2170,"[1, 64, 0]",420
2171,"[1, 64, 0]",420
2172,"[1, 64, 0]",420
2173,"[1, 64, 0]",420
2174,"[1, 64, 0]",420
2175,"[1, 64, 0]",420
2176,"[1, 64, 0]",420
2177,"[1, 64, 0]",420
2178,"[1, 64, 0]",420
2179,"[1, 64, 0]",420
2180,"[1, 64, 0]",420
2181,"[1, 64, 0]",420
2182,"[1, 64, 0]",420
2183,"[1, 64, 0]",420
2184,"[1, 64, 0]",420
2185,"[1, 64, 0]",420
2186,"[1, 64, 0]",420
2187,"[1, 64, 0]",420
2188,"[1, 64, 0]",420
2189,"[1, 64, 0]",420
2190,"[1, 64, 0]",420
2191,"[1, 64, 0]",420
2192,"[1, 64, 0]",420
2193,"[1, 64, 0]",420
2194,"[1, 64, 0]",420
2195,"[1, 64, 0]",420
2196,"[1, 64, 0]",420
2197,"[1, 64, 0]",420
2198,"[1, 64, 0]",420
2199,"[1, 64, 0]",420
2200,"[1, 64, 0]",421
2201,"[1, 64, 0]",421
2202,"[1, 64, 0]",421
2203,"[1, 64, 0]",421
2204,"[1, 64, 0]",421
2205,"[1, 64, 0]",421
2206,"[1, 64, 0]",421
2207,"[1, 64, 0]",421
2208,"[1, 64, 0]",421
2209,"[1, 64, 0]",421
2210,"[1, 64, 0]",421
2211,"[1, 64, 0]",421
2212,"[1, 64, 0]",421
2213,"[1, 64, 0]",421
2214,"[1, 64, 0]",421
2215,"[1, 64, 0]",421
2216,"[1, 64, 0]",421
2217,"[1, 64, 0]",421
2218,"[1, 64, 0]",421
2219,"[1, 64, 0]",421
2220,"[1, 64, 0]",421
2221,"[1, 64, 0]",421
2222,"[1, 64, 0]",421
2223,"[1, 64, 0]",421
2224,"[1, 64, 0]",421
2225,"[1, 64, 0]",421
2226,"[1, 64, 0]",421
2227,"[1, 64, 0]",421
2228,"[1, 64, 0]",421
2229,"[1, 64, 0]",421
2230,"[1, 64, 0]",421
2231,"[1, 64, 0]",421
2232,"[1, 64, 0]",421
2233,"[1, 64, 0]",421
2234,"[1, 64, 0]",421
2235,"[1, 64, 0]",421
2236,"[1, 64, 0]",421
2237,"[1, 64, 0]",421
2238,"[1, 64, 0]",421
2239,"[1, 64, 0]",421
2240,"[1, 64, 0]",421
2241,"[1, 64, 0]",421
2242,"[1, 64, 0]",421
2243,"[1, 64, 0]",421
2244,"[1, 64, 0]",421
2245,"[1, 64, 0]",421
2246,"[1, 64, 0]",421
2247,"[1, 64, 0]",421
2248,"[1, 64, 0]",421
2249,"[1, 64, 0]",421
2250,"[1, 64, 0]",421
2251,"[1, 64, 0]",421
2252,"[1, 64, 0]",421
2253,"[1, 64, 0]",421
2254,"[1, 64, 0]",421
2255,"[1, 64, 0]",421
2256,"[1, 64, 0]",421
2257,"[1, 64, 0]",421
2258,"[1, 64, 0]",421
2259,"[1, 64, 0]",421
2260,"[1, 64, 0]",421
2261,"[1, 64, 0]",421
2262,"[1, 64, 0]",421
2263,"[1, 64, 0]",421
2264,"[1, 64, 0]",421
2265,"[1, 64, 0]",421
2266,"[1, 64, 0]",421
2267,"[1, 64, 0]",421
2268,"[1, 64, 0]",421
2269,"[1, 64, 0]",421
2270,"[1, 64, 0]",421
2271,"[1, 64, 0]",421
2272,"[1, 64, 0]",421
2273,"[1, 64, 0]",421
2274,"[1, 64, 0]",421
2275,"[1, 64, 0]",421
2276,"[1, 64, 0]",421
2277,"[1, 64, 0]",421
2278,"[1, 64, 0]",421
2279,"[1, 64, 0]",421
2280,"[1, 64, 0]",421
2281,"[1, 64, 0]",421
2282,"[1, 64, 0]",421
2283,"[1, 64, 0]",421
2284,"[1, 64, 0]",421
2285,"[1, 64, 0]",421
2286,"[1, 64, 0]",421
2287,"[1, 64, 0]",421
2288,"[1, 64, 0]",421
2289,"[1, 64, 0]",421
2290,"[1, 64, 0]",421
2291,"[1, 64, 0]",421
2292,"[1, 64, 0]",421
2293,"[1, 64, 0]",421
2294,"[1, 64, 0]",421
2295,"[1, 64, 0]",421
2296,"[1, 64, 0]",421
2297,"[1, 64, 0]",421
2298,"[1, 64, 0]",421
2299,"[1, 64, 0]",421
2300,"[1, 64, 0]",421
2301,"[1, 64, 0]",421
2302,"[1, 64, 0]",421
2303,"[1, 64, 0]",421
2304,"[1, 64, 0]",421
2305,"[1, 64, 0]",421
2306,"[1, 64, 0]",421
2307,"[1, 64, 0]",421
2308,"[1, 64, 0]",421
2309,"[1, 105, 0]",421
2310,"[1, 64, 0]",421
2311,"[1, 64, 0]",421
2312,"[1, 64, 0]",421
2313,"[1, 64, 0]",421
2314,"[1, 64, 0]",421
2315,"[1, 64, 0]",421
2316,"[1, 64, 0]",421
2317,"[1, 64, 0]",421
2318,"[1, 64, 0]",421
2319,"[1, 64, 0]",421
2320,"[1, 64, 0]",421
2321,"[1, 64, 0]",421
2322,"[1, 64, 0]",421
2323,"[1, 64, 0]",421
2324,"[1, 64, 0]",421
2325,"[1, 64, 0]",421
2326,"[1, 64, 0]",421
2327,"[1, 64, 0]",421
2328,"[1, 64, 0]",421
2329,"[1, 64, 0]",421
2330,"[1, 64, 0]",421
2331,"[1, 64, 0]",421
2332,"[1, 64, 0]",421
2333,"[1, 64, 0]",421
2334,"[1, 64, 0]",421
2335,"[1, 64, 0]",421
2336,"[1, 64, 0]",421
2337,"[1, 64, 0]",421
2338,"[1, 64, 0]",421
2339,"[1, 64, 0]",421
2340,"[1, 64, 0]",421
2341,"[1, 64, 0]",421
2342,"[1, 64, 0]",421
2343,"[1, 64, 0]",421
2344,"[1, 64, 0]",421
2345,"[1, 64, 0]",421
2346,"[1, 64, 0]",421
2347,"[1, 64, 0]",421
2348,"[1, 64, 0]",421
2349,"[1, 105, 0]",421
2350,"[1, 64, 0]",421
2351,"[1, 105, 0]",421
2352,"[1, 64, 0]",421
2353,"[1, 105, 0]",421
2354,"[1, 64, 0]",421
2355,"[1, 64, 0]",421
2356,"[1, 64, 0]",421
2357,"[1, 64, 0]",421
2358,"[1, 64, 0]",421
2359,"[1, 64, 0]",421
2360,"[1, 64, 0]",421
2361,"[1, 64, 0]",421
2362,"[1, 64, 0]",421
2363,"[1, 64, 0]",421
2364,"[1, 64, 0]",421
2365,"[1, 64, 0]",421
2366,"[1, 64, 0]",421
2367,"[1, 64, 0]",421
2368,"[1, 64, 0]",421
2369,"[1, 64, 0]",421
2370,"[1, 64, 0]",421
2371,"[1, 64, 0]",421
2372,"[1, 64, 0]",421
2373,"[1, 64, 0]",421
2374,"[1, 64, 0]",421
2375,"[1, 105, 0]",421
2376,"[1, 64, 0]",421
2377,"[1, 64, 0]",421
2378,"[1, 64, 0]",421
2379,"[1, 64, 0]",421
2380,"[1, 105, 0]",421
2381,"[1, 64, 0]",421
2382,"[1, 64, 0]",421
2383,"[1, 105, 0]",421
2384,"[1, 64, 0]",421
2385,"[1, 64, 0]",421
2386,"[1, 64, 0]",421
2387,"[1, 64, 0]",421
2388,"[1, 105, 0]",421
2389,"[1, 64, 0]",421
2390,"[1, 64, 0]",421
2391,"[1, 64, 0]",421
2392,"[1, 64, 0]",421
2393,"[1, 64, 0]",421
2394,"[1, 64, 0]",421
2395,"[1, 64, 0]",421
2396,"[1, 105, 0]",421
2397,"[1, 64, 0]",421
2398,"[1, 64, 0]",421
2399,"[1, 64, 0]",421
